Epoch,Training Loss,Validation Loss
1,5.699829110027065,3.595015400260158
2,3.145669200011259,1.4719273837713094
3,1.2280414793971022,0.6544763281853241
4,0.4990823420547169,0.26603332025235926
5,0.2096631788158205,0.12782396323229434
6,0.08862798587149064,0.07093769666799427
7,0.042174276614771085,0.049816699632437976
8,0.024358194404055733,0.042225789366918204
9,0.016169678039584287,0.03701899050233456
10,0.013320604218004723,0.03454996535234903
