Epoch,Type,R@1,R@5,R@10,MedR,MRR
1,Text->Image,0.019622361287474632,0.05257312208414078,0.08737504482269287,166.0,0.0461934432387352
1,Text->LongText,0.07293594628572464,0.21732690930366516,0.3195112943649292,31.0,0.1517096757888794
1,Image->Text,0.01629026234149933,0.05701591819524765,0.09552017599344254,157.0,0.04624997079372406
1,Image->LongText,0.024065161123871803,0.07367641478776932,0.12217697501182556,97.0,0.061640091240406036
