Epoch,Training Loss,Validation Loss
1,4.976464916511818,3.7708832230088274
